2021-10-16 18:16:53.516059,state,0,0
2021-10-16 18:16:53.516059,state,1,0
2021-10-16 18:16:54.380461,state,0,0
2021-10-16 18:16:54.380461,state,1,0
2021-10-16 18:16:54.380461,state,2,0
2021-10-16 18:16:54.380461,state,3,0
2021-10-16 18:16:54.380461,state,4,0
2021-10-16 18:16:54.380461,state,5,0
2021-10-16 18:16:54.380461,state,6,0
2021-10-16 18:16:54.380461,state,7,0
2021-10-16 18:16:54.380461,state,8,0
2021-10-16 18:16:54.380461,state,9,0
2021-10-16 18:16:54.380461,state,10,0
2021-10-16 18:16:54.380461,state,11,0
2021-10-16 18:16:54.380461,state,12,0
2021-10-16 18:16:54.380461,state,13,0
2021-10-16 18:16:54.380461,state,14,0
2021-10-16 18:16:54.380461,state,15,0
2021-10-16 18:16:54.380461,state,16,0
2021-10-16 18:16:54.380461,state,17,0
2021-10-16 18:16:54.380461,state,18,0
2021-10-16 18:16:54.380461,state,19,0
2021-10-16 18:16:54.380461,state,20,0
2021-10-16 18:16:54.380461,state,21,0
2021-10-16 18:16:54.380461,state,22,0
2021-10-16 18:16:54.380461,state,23,0
2021-10-16 18:16:54.380461,state,24,0
2021-10-16 18:16:54.380461,state,25,0
2021-10-16 18:16:54.380461,state,26,0
2021-10-16 18:16:54.380461,state,27,0
2021-10-16 18:16:54.380461,state,28,0
2021-10-16 18:16:54.380461,state,29,0
2021-10-16 18:16:54.380461,state,30,0
2021-10-16 18:16:54.380461,state,31,0
2021-10-16 18:16:54.380461,state,32,0
2021-10-16 18:16:54.380461,state,33,0
2021-10-16 18:16:54.380461,state,34,0
2021-10-16 18:16:54.380461,state,35,0
2021-10-16 18:16:54.380461,state,36,0
2021-10-16 18:16:54.380461,state,37,0
2021-10-16 18:16:54.380461,state,38,0
2021-10-16 18:16:54.380461,state,39,0
2021-10-16 18:16:54.380461,state,40,0
2021-10-16 18:16:55.201254,state,0,0
2021-10-16 18:16:55.201254,state,1,0
2021-10-16 18:16:55.201254,state,2,0
2021-10-16 18:16:55.201254,state,3,0
2021-10-16 18:16:55.201254,state,4,0
2021-10-16 18:16:55.201254,state,5,0
2021-10-16 18:16:55.201254,state,6,0
2021-10-16 18:16:55.201254,state,7,0
2021-10-16 18:16:55.201254,state,8,0
2021-10-16 18:16:55.201254,state,9,0
2021-10-16 18:16:55.201254,state,10,0
2021-10-16 18:16:55.201254,state,11,0
2021-10-16 18:16:55.201254,state,12,0
2021-10-16 18:16:55.201254,state,13,0
2021-10-16 18:16:55.201254,state,14,0
2021-10-16 18:16:55.201254,state,15,0
2021-10-16 18:16:55.201254,state,16,0
2021-10-16 18:16:55.201254,state,17,0
2021-10-16 18:16:55.201254,state,18,0
2021-10-16 18:16:55.201254,state,19,0
2021-10-16 18:16:55.201254,state,20,0
2021-10-16 18:16:55.201254,state,21,0
2021-10-16 18:16:55.201254,state,22,0
2021-10-16 18:16:55.201254,state,23,0
2021-10-16 18:16:55.201254,state,24,0
2021-10-16 18:16:55.201254,state,25,0
2021-10-16 18:16:55.201254,state,26,0
2021-10-16 18:16:55.201254,state,27,0
2021-10-16 18:16:55.201254,state,28,0
2021-10-16 18:16:55.201254,state,29,0
2021-10-16 18:16:55.201254,state,30,0
2021-10-16 18:16:55.201254,state,31,0
2021-10-16 18:16:55.201254,state,32,0
2021-10-16 18:16:55.201254,state,33,0
2021-10-16 18:16:55.201254,state,34,0
2021-10-16 18:16:55.201254,state,35,0
2021-10-16 18:16:55.201254,state,36,0
2021-10-16 18:16:55.201254,state,37,0
2021-10-16 18:16:55.201254,state,38,0
2021-10-16 18:16:55.201254,state,39,0
2021-10-16 18:16:55.201254,state,40,0
2021-10-16 18:16:55.201254,state,41,0
2021-10-16 18:16:55.201254,state,42,0
2021-10-16 18:16:55.201254,state,43,0
2021-10-16 18:16:55.201254,state,44,0
2021-10-16 18:16:55.201254,state,45,0
2021-10-16 18:16:55.201254,state,46,0
2021-10-16 18:16:55.201254,state,47,0
2021-10-16 18:16:55.702450,nfunctor,1,1234755
2021-10-16 18:16:55.702450,nfunctor,3,1255939
2021-10-16 18:16:55.702450,nfunctor,5,1255235
2021-10-16 18:16:55.702450,nfunctor,7,1255683
2021-10-16 18:16:55.702450,nfunctor,9,1253507
2021-10-16 18:16:55.702450,nfunctor,11,1260163
2021-10-16 18:16:55.702450,nfunctor,13,1252163
2021-10-16 18:16:55.702450,nfunctor,15,1251907
2021-10-16 18:16:55.702450,nfunctor,17,1253507
2021-10-16 18:16:55.702450,nfunctor,19,1256579
2021-10-16 18:16:55.702450,nfunctor,21,1256259
2021-10-16 18:16:55.702450,nfunctor,23,1261251
2021-10-16 18:16:55.702450,nfunctor,25,1252227
2021-10-16 18:16:55.702450,nfunctor,27,1255619
2021-10-16 18:16:55.702450,nfunctor,29,1254531
2021-10-16 18:16:55.702450,nfunctor,31,1256579
2021-10-16 18:16:55.702450,nfunctor,33,1257603
2021-10-16 18:16:55.702450,nfunctor,35,1251395
2021-10-16 18:16:55.702450,nfunctor,37,1252803
2021-10-16 18:16:55.702450,nfunctor,39,1248067
2021-10-16 18:16:55.702450,nfunctor,41,1254531
2021-10-16 18:16:55.702450,nfunctor,43,1253699
2021-10-16 18:16:55.702450,nfunctor,45,1252995
2021-10-16 18:16:55.702450,nfunctor,47,1255807
2021-10-16 18:16:55.702450,state,0,1234782
2021-10-16 18:16:55.702450,state,1,1255929
2021-10-16 18:16:55.702450,state,2,1255190
2021-10-16 18:16:55.702450,state,3,1255683
2021-10-16 18:16:55.702450,state,4,1253509
2021-10-16 18:16:55.702450,state,5,1260144
2021-10-16 18:16:55.702450,state,6,1252138
2021-10-16 18:16:55.702450,state,7,1251907
2021-10-16 18:16:55.702450,state,8,1253475
2021-10-16 18:16:55.702450,state,9,1256636
2021-10-16 18:16:55.702450,state,10,1256299
2021-10-16 18:16:55.702450,state,11,1261249
2021-10-16 18:16:55.702450,state,12,1252117
2021-10-16 18:16:55.702450,state,13,1255578
2021-10-16 18:16:55.702450,state,14,1254564
2021-10-16 18:16:55.702450,state,15,1256643
2021-10-16 18:16:55.702450,state,16,1257639
2021-10-16 18:16:55.702450,state,17,1251431
2021-10-16 18:16:55.702450,state,18,1252828
2021-10-16 18:16:55.702450,state,19,1248092
2021-10-16 18:16:55.702450,state,20,1254542
2021-10-16 18:16:55.702450,state,21,1253736
2021-10-16 18:16:55.702450,state,22,1253046
2021-10-16 18:16:55.702450,state,23,1255082
2021-10-16 18:16:55.702450,state,24,12226
2021-10-16 18:16:55.702450,state,25,12435
2021-10-16 18:16:55.702450,state,26,12428
2021-10-16 18:16:55.702450,state,27,12433
2021-10-16 18:16:55.702450,state,28,12411
2021-10-16 18:16:55.702450,state,29,12477
2021-10-16 18:16:55.702450,state,30,12398
2021-10-16 18:16:55.702450,state,31,12395
2021-10-16 18:16:55.702450,state,32,12411
2021-10-16 18:16:55.702450,state,33,12442
2021-10-16 18:16:55.702450,state,34,12439
2021-10-16 18:16:55.702450,state,35,12488
2021-10-16 18:16:55.702450,state,36,12397
2021-10-16 18:16:55.702450,state,37,12432
2021-10-16 18:16:55.702450,state,38,12422
2021-10-16 18:16:55.702450,state,39,12442
2021-10-16 18:16:55.702450,state,40,12452
2021-10-16 18:16:55.702450,state,41,12391
2021-10-16 18:16:55.702450,state,42,12405
2021-10-16 18:16:55.702450,state,43,12357
2021-10-16 18:16:55.702450,state,44,12422
2021-10-16 18:16:55.702450,state,45,12413
2021-10-16 18:16:55.702450,state,46,12407
2021-10-16 18:16:55.702450,state,47,12427
2021-10-16 18:16:56.203647,nfunctor,1,3779267
2021-10-16 18:16:56.203647,nfunctor,3,3807619
2021-10-16 18:16:56.203647,nfunctor,5,3802307
2021-10-16 18:16:56.203647,nfunctor,7,3805507
2021-10-16 18:16:56.203647,nfunctor,9,3798595
2021-10-16 18:16:56.203647,nfunctor,11,3815875
2021-10-16 18:16:56.203647,nfunctor,13,3810947
2021-10-16 18:16:56.203647,nfunctor,15,3807619
2021-10-16 18:16:56.203647,nfunctor,17,3809411
2021-10-16 18:16:56.203647,nfunctor,19,3805187
2021-10-16 18:16:56.203647,nfunctor,21,3804995
2021-10-16 18:16:56.203647,nfunctor,23,3816771
2021-10-16 18:16:56.203647,nfunctor,25,3810371
2021-10-16 18:16:56.203647,nfunctor,27,3809923
2021-10-16 18:16:56.203647,nfunctor,29,3812419
2021-10-16 18:16:56.203647,nfunctor,31,3805251
2021-10-16 18:16:56.203647,nfunctor,33,3811331
2021-10-16 18:16:56.203647,nfunctor,35,3803331
2021-10-16 18:16:56.203647,nfunctor,37,3805251
2021-10-16 18:16:56.203647,nfunctor,39,3800963
2021-10-16 18:16:56.203647,nfunctor,41,3807875
2021-10-16 18:16:56.203647,nfunctor,43,3802115
2021-10-16 18:16:56.203647,nfunctor,45,3803523
2021-10-16 18:16:56.203647,nfunctor,47,3837031
2021-10-16 18:16:56.203647,state,0,3779219
2021-10-16 18:16:56.203647,state,1,3807619
2021-10-16 18:16:56.203647,state,2,3802228
2021-10-16 18:16:56.203647,state,3,3805463
2021-10-16 18:16:56.203647,state,4,3798437
2021-10-16 18:16:56.203647,state,5,3815789
2021-10-16 18:16:56.203647,state,6,3810816
2021-10-16 18:16:56.203647,state,7,3807559
2021-10-16 18:16:56.203647,state,8,3809354
2021-10-16 18:16:56.203647,state,9,3805185
2021-10-16 18:16:56.203647,state,10,3804994
2021-10-16 18:16:56.203647,state,11,3816803
2021-10-16 18:16:56.203647,state,12,3810290
2021-10-16 18:16:56.203647,state,13,3809918
2021-10-16 18:16:56.203647,state,14,3812327
2021-10-16 18:16:56.203647,state,15,3805199
2021-10-16 18:16:56.203647,state,16,3811324
2021-10-16 18:16:56.203647,state,17,3803316
2021-10-16 18:16:56.203647,state,18,3805111
2021-10-16 18:16:56.203647,state,19,3800963
2021-10-16 18:16:56.203647,state,20,3807732
2021-10-16 18:16:56.203647,state,21,3802059
2021-10-16 18:16:56.203647,state,22,3803523
2021-10-16 18:16:56.203647,state,23,3836432
2021-10-16 18:16:56.203647,state,24,37418
2021-10-16 18:16:56.203647,state,25,37699
2021-10-16 18:16:56.203647,state,26,37646
2021-10-16 18:16:56.203647,state,27,37678
2021-10-16 18:16:56.203647,state,28,37608
2021-10-16 18:16:56.203647,state,29,37780
2021-10-16 18:16:56.203647,state,30,37731
2021-10-16 18:16:56.203647,state,31,37699
2021-10-16 18:16:56.203647,state,32,37716
2021-10-16 18:16:56.203647,state,33,37675
2021-10-16 18:16:56.203647,state,34,37673
2021-10-16 18:16:56.203647,state,35,37790
2021-10-16 18:16:56.203647,state,36,37726
2021-10-16 18:16:56.203647,state,37,37722
2021-10-16 18:16:56.203647,state,38,37746
2021-10-16 18:16:56.203647,state,39,37675
2021-10-16 18:16:56.203647,state,40,37736
2021-10-16 18:16:56.203647,state,41,37656
2021-10-16 18:16:56.203647,state,42,37674
2021-10-16 18:16:56.203647,state,43,37633
2021-10-16 18:16:56.203647,state,44,37700
2021-10-16 18:16:56.203647,state,45,37644
2021-10-16 18:16:56.203647,state,46,37659
2021-10-16 18:16:56.203647,state,47,37984
2021-10-16 18:16:56.704844,nfunctor,1,6319555
2021-10-16 18:16:56.704844,nfunctor,3,6364995
2021-10-16 18:16:56.704844,nfunctor,5,6353539
2021-10-16 18:16:56.704844,nfunctor,7,6361475
2021-10-16 18:16:56.704844,nfunctor,9,6347907
2021-10-16 18:16:56.704844,nfunctor,11,6376899
2021-10-16 18:16:56.704844,nfunctor,13,6374979
2021-10-16 18:16:56.704844,nfunctor,15,6368707
2021-10-16 18:16:56.704844,nfunctor,17,6369411
2021-10-16 18:16:56.704844,nfunctor,19,6358403
2021-10-16 18:16:56.704844,nfunctor,21,6360579
2021-10-16 18:16:56.704844,nfunctor,23,6378051
2021-10-16 18:16:56.704844,nfunctor,25,6372867
2021-10-16 18:16:56.704844,nfunctor,27,6370499
2021-10-16 18:16:56.704844,nfunctor,29,6373443
2021-10-16 18:16:56.704844,nfunctor,31,6360003
2021-10-16 18:16:56.704844,nfunctor,33,6369923
2021-10-16 18:16:56.704844,nfunctor,35,6359491
2021-10-16 18:16:56.704844,nfunctor,37,6363331
2021-10-16 18:16:56.704844,nfunctor,39,6357891
2021-10-16 18:16:56.704844,nfunctor,41,6364739
2021-10-16 18:16:56.704844,nfunctor,43,6356163
2021-10-16 18:16:56.704844,nfunctor,45,6359555
2021-10-16 18:16:56.704844,nfunctor,47,6417412
2021-10-16 18:16:56.704844,state,0,6319420
2021-10-16 18:16:56.704844,state,1,6364995
2021-10-16 18:16:56.704844,state,2,6353539
2021-10-16 18:16:56.704844,state,3,6361475
2021-10-16 18:16:56.704844,state,4,6347907
2021-10-16 18:16:56.704844,state,5,6376899
2021-10-16 18:16:56.704844,state,6,6374973
2021-10-16 18:16:56.704844,state,7,6368707
2021-10-16 18:16:56.704844,state,8,6369362
2021-10-16 18:16:56.704844,state,9,6358403
2021-10-16 18:16:56.704844,state,10,6360527
2021-10-16 18:16:56.704844,state,11,6378051
2021-10-16 18:16:56.704844,state,12,6372867
2021-10-16 18:16:56.704844,state,13,6370499
2021-10-16 18:16:56.704844,state,14,6373489
2021-10-16 18:16:56.704844,state,15,6359968
2021-10-16 18:16:56.704844,state,16,6369923
2021-10-16 18:16:56.704844,state,17,6359491
2021-10-16 18:16:56.704844,state,18,6363331
2021-10-16 18:16:56.704844,state,19,6357852
2021-10-16 18:16:56.704844,state,20,6364656
2021-10-16 18:16:56.704844,state,21,6356010
2021-10-16 18:16:56.704844,state,22,6359512
2021-10-16 18:16:56.704844,state,23,6416616
2021-10-16 18:16:56.704844,state,24,62568
2021-10-16 18:16:56.704844,state,25,63019
2021-10-16 18:16:56.704844,state,26,62906
2021-10-16 18:16:56.704844,state,27,62984
2021-10-16 18:16:56.704844,state,28,62850
2021-10-16 18:16:56.704844,state,29,63137
2021-10-16 18:16:56.704844,state,30,63118
2021-10-16 18:16:56.704844,state,31,63056
2021-10-16 18:16:56.704844,state,32,63063
2021-10-16 18:16:56.704844,state,33,62954
2021-10-16 18:16:56.704844,state,34,62975
2021-10-16 18:16:56.704844,state,35,63149
2021-10-16 18:16:56.704844,state,36,63097
2021-10-16 18:16:56.704844,state,37,63074
2021-10-16 18:16:56.704844,state,38,63104
2021-10-16 18:16:56.704844,state,39,62970
2021-10-16 18:16:56.704844,state,40,63068
2021-10-16 18:16:56.704844,state,41,62965
2021-10-16 18:16:56.704844,state,42,63003
2021-10-16 18:16:56.704844,state,43,62949
2021-10-16 18:16:56.704844,state,44,63016
2021-10-16 18:16:56.704844,state,45,62931
2021-10-16 18:16:56.704844,state,46,62965
2021-10-16 18:16:56.704844,state,47,63531
2021-10-16 18:16:57.206040,nfunctor,1,8867331
2021-10-16 18:16:57.206040,nfunctor,3,8927107
2021-10-16 18:16:57.206040,nfunctor,5,8909699
2021-10-16 18:16:57.206040,nfunctor,7,8920643
2021-10-16 18:16:57.206040,nfunctor,9,8900803
2021-10-16 18:16:57.206040,nfunctor,11,8940931
2021-10-16 18:16:57.206040,nfunctor,13,8942403
2021-10-16 18:16:57.206040,nfunctor,15,8932675
2021-10-16 18:16:57.206040,nfunctor,17,8932867
2021-10-16 18:16:57.206040,nfunctor,19,8913795
2021-10-16 18:16:57.206040,nfunctor,21,8918531
2021-10-16 18:16:57.206040,nfunctor,23,8942723
2021-10-16 18:16:57.206040,nfunctor,25,8937859
2021-10-16 18:16:57.206040,nfunctor,27,8933251
2021-10-16 18:16:57.206040,nfunctor,29,8939331
2021-10-16 18:16:57.206040,nfunctor,31,8917443
2021-10-16 18:16:57.206040,nfunctor,33,8932611
2021-10-16 18:16:57.206040,nfunctor,35,8920771
2021-10-16 18:16:57.206040,nfunctor,37,8924227
2021-10-16 18:16:57.206040,nfunctor,39,8918595
2021-10-16 18:16:57.206040,nfunctor,41,8926723
2021-10-16 18:16:57.206040,nfunctor,43,8914051
2021-10-16 18:16:57.206040,nfunctor,45,8918019
2021-10-16 18:16:57.206040,nfunctor,47,8995643
2021-10-16 18:16:57.206040,state,0,8867372
2021-10-16 18:16:57.206040,state,1,8927147
2021-10-16 18:16:57.206040,state,2,8909660
2021-10-16 18:16:57.206040,state,3,8920621
2021-10-16 18:16:57.206040,state,4,8900847
2021-10-16 18:16:57.206040,state,5,8940890
2021-10-16 18:16:57.206040,state,6,8942445
2021-10-16 18:16:57.206040,state,7,8932625
2021-10-16 18:16:57.206040,state,8,8932805
2021-10-16 18:16:57.206040,state,9,8913814
2021-10-16 18:16:57.206040,state,10,8918449
2021-10-16 18:16:57.206040,state,11,8942704
2021-10-16 18:16:57.206040,state,12,8937804
2021-10-16 18:16:57.206040,state,13,8933247
2021-10-16 18:16:57.206040,state,14,8939365
2021-10-16 18:16:57.206040,state,15,8917466
2021-10-16 18:16:57.206040,state,16,8932611
2021-10-16 18:16:57.206040,state,17,8920811
2021-10-16 18:16:57.206040,state,18,8924279
2021-10-16 18:16:57.206040,state,19,8918470
2021-10-16 18:16:57.206040,state,20,8926723
2021-10-16 18:16:57.206040,state,21,8914030
2021-10-16 18:16:57.206040,state,22,8918019
2021-10-16 18:16:57.206040,state,23,8995375
2021-10-16 18:16:57.206040,state,24,87796
2021-10-16 18:16:57.206040,state,25,88388
2021-10-16 18:16:57.206040,state,26,88214
2021-10-16 18:16:57.206040,state,27,88323
2021-10-16 18:16:57.206040,state,28,88127
2021-10-16 18:16:57.206040,state,29,88524
2021-10-16 18:16:57.206040,state,30,88539
2021-10-16 18:16:57.206040,state,31,88442
2021-10-16 18:16:57.206040,state,32,88444
2021-10-16 18:16:57.206040,state,33,88256
2021-10-16 18:16:57.206040,state,34,88301
2021-10-16 18:16:57.206040,state,35,88541
2021-10-16 18:16:57.206040,state,36,88493
2021-10-16 18:16:57.206040,state,37,88448
2021-10-16 18:16:57.206040,state,38,88508
2021-10-16 18:16:57.206040,state,39,88292
2021-10-16 18:16:57.206040,state,40,88442
2021-10-16 18:16:57.206040,state,41,88325
2021-10-16 18:16:57.206040,state,42,88359
2021-10-16 18:16:57.206040,state,43,88302
2021-10-16 18:16:57.206040,state,44,88383
2021-10-16 18:16:57.206040,state,45,88257
2021-10-16 18:16:57.206040,state,46,88297
2021-10-16 18:16:57.206040,state,47,89063
2021-10-16 18:16:57.707236,nfunctor,1,10732291
2021-10-16 18:16:57.707236,nfunctor,3,11476419
2021-10-16 18:16:57.707236,nfunctor,5,11451971
2021-10-16 18:16:57.707236,nfunctor,7,11467587
2021-10-16 18:16:57.707236,nfunctor,9,11440707
2021-10-16 18:16:57.707236,nfunctor,11,11493123
2021-10-16 18:16:57.707236,nfunctor,13,11497283
2021-10-16 18:16:57.707236,nfunctor,15,11484611
2021-10-16 18:16:57.707236,nfunctor,17,11483779
2021-10-16 18:16:57.707236,nfunctor,19,11457347
2021-10-16 18:16:57.707236,nfunctor,21,11464131
2021-10-16 18:16:57.707236,nfunctor,23,11494339
2021-10-16 18:16:57.707236,nfunctor,25,11491587
2021-10-16 18:16:57.707236,nfunctor,27,11484419
2021-10-16 18:16:57.707236,nfunctor,29,11491779
2021-10-16 18:16:57.707236,nfunctor,31,11462595
2021-10-16 18:16:57.707236,nfunctor,33,11481027
2021-10-16 18:16:57.707236,nfunctor,35,11470403
2021-10-16 18:16:57.707236,nfunctor,37,11471939
2021-10-16 18:16:57.707236,nfunctor,39,11469443
2021-10-16 18:16:57.707236,nfunctor,41,11477059
2021-10-16 18:16:57.707236,nfunctor,43,11459267
2021-10-16 18:16:57.707236,nfunctor,45,11466179
2021-10-16 18:16:57.707236,nfunctor,47,11577855
2021-10-16 18:16:57.707236,state,0,10731715
2021-10-16 18:16:57.707236,state,1,11476330
2021-10-16 18:16:57.707236,state,2,11451987
2021-10-16 18:16:57.707236,state,3,11467587
2021-10-16 18:16:57.707236,state,4,11440707
2021-10-16 18:16:57.707236,state,5,11493148
2021-10-16 18:16:57.707236,state,6,11497133
2021-10-16 18:16:57.707236,state,7,11484639
2021-10-16 18:16:57.707236,state,8,11483730
2021-10-16 18:16:57.707236,state,9,11457204
2021-10-16 18:16:57.707236,state,10,11464163
2021-10-16 18:16:57.707236,state,11,11494225
2021-10-16 18:16:57.707236,state,12,11491382
2021-10-16 18:16:57.707236,state,13,11484308
2021-10-16 18:16:57.707236,state,14,11491679
2021-10-16 18:16:57.707236,state,15,11462509
2021-10-16 18:16:57.707236,state,16,11480908
2021-10-16 18:16:57.707236,state,17,11470257
2021-10-16 18:16:57.707236,state,18,11471795
2021-10-16 18:16:57.707236,state,19,11469323
2021-10-16 18:16:57.707236,state,20,11476947
2021-10-16 18:16:57.707236,state,21,11459159
2021-10-16 18:16:57.707236,state,22,11466078
2021-10-16 18:16:57.707236,state,23,11577363
2021-10-16 18:16:57.707236,state,24,106254
2021-10-16 18:16:57.707236,state,25,113627
2021-10-16 18:16:57.707236,state,26,113386
2021-10-16 18:16:57.707236,state,27,113540
2021-10-16 18:16:57.707236,state,28,113274
2021-10-16 18:16:57.707236,state,29,113794
2021-10-16 18:16:57.707236,state,30,113833
2021-10-16 18:16:57.707236,state,31,113709
2021-10-16 18:16:57.707236,state,32,113700
2021-10-16 18:16:57.707236,state,33,113438
2021-10-16 18:16:57.707236,state,34,113507
2021-10-16 18:16:57.707236,state,35,113804
2021-10-16 18:16:57.707236,state,36,113776
2021-10-16 18:16:57.707236,state,37,113706
2021-10-16 18:16:57.707236,state,38,113779
2021-10-16 18:16:57.707236,state,39,113490
2021-10-16 18:16:57.707236,state,40,113672
2021-10-16 18:16:57.707236,state,41,113567
2021-10-16 18:16:57.707236,state,42,113582
2021-10-16 18:16:57.707236,state,43,113558
2021-10-16 18:16:57.707236,state,44,113633
2021-10-16 18:16:57.707236,state,45,113457
2021-10-16 18:16:57.707236,state,46,113526
2021-10-16 18:16:57.707236,state,47,114627
2021-10-16 18:16:58.208430,nfunctor,1,11243523
2021-10-16 18:16:58.208430,nfunctor,3,14017091
2021-10-16 18:16:58.208430,nfunctor,5,13987203
2021-10-16 18:16:58.208430,nfunctor,7,14007235
2021-10-16 18:16:58.208430,nfunctor,9,13972867
2021-10-16 18:16:58.208430,nfunctor,11,14037699
2021-10-16 18:16:58.208430,nfunctor,13,14043907
2021-10-16 18:16:58.208430,nfunctor,15,14027267
2021-10-16 18:16:58.208430,nfunctor,17,14026243
2021-10-16 18:16:58.208430,nfunctor,19,13993027
2021-10-16 18:16:58.208430,nfunctor,21,14001667
2021-10-16 18:16:58.208430,nfunctor,23,14037635
2021-10-16 18:16:58.208430,nfunctor,25,14035779
2021-10-16 18:16:58.208430,nfunctor,27,14026819
2021-10-16 18:16:58.208430,nfunctor,29,14036547
2021-10-16 18:16:58.208430,nfunctor,31,13999747
2021-10-16 18:16:58.208430,nfunctor,33,14022211
2021-10-16 18:16:58.208430,nfunctor,35,14011011
2021-10-16 18:16:58.208430,nfunctor,37,14012163
2021-10-16 18:16:58.208430,nfunctor,39,14009731
2021-10-16 18:16:58.208430,nfunctor,41,14018243
2021-10-16 18:16:58.208430,nfunctor,43,13995971
2021-10-16 18:16:58.208430,nfunctor,45,14005315
2021-10-16 18:16:58.208430,nfunctor,47,14176260
2021-10-16 18:16:58.208430,state,0,11243523
2021-10-16 18:16:58.208430,state,1,14017084
2021-10-16 18:16:58.208430,state,2,13987203
2021-10-16 18:16:58.208430,state,3,14007235
2021-10-16 18:16:58.208430,state,4,13972856
2021-10-16 18:16:58.208430,state,5,14037734
2021-10-16 18:16:58.208430,state,6,14043907
2021-10-16 18:16:58.208430,state,7,14027283
2021-10-16 18:16:58.208430,state,8,14026242
2021-10-16 18:16:58.208430,state,9,13993060
2021-10-16 18:16:58.208430,state,10,14001692
2021-10-16 18:16:58.208430,state,11,14037617
2021-10-16 18:16:58.208430,state,12,14035810
2021-10-16 18:16:58.208430,state,13,14026854
2021-10-16 18:16:58.208430,state,14,14036595
2021-10-16 18:16:58.208430,state,15,13999739
2021-10-16 18:16:58.208430,state,16,14022222
2021-10-16 18:16:58.208430,state,17,14010939
2021-10-16 18:16:58.208430,state,18,14012163
2021-10-16 18:16:58.208430,state,19,14009731
2021-10-16 18:16:58.208430,state,20,14018249
2021-10-16 18:16:58.208430,state,21,13996008
2021-10-16 18:16:58.208430,state,22,14005361
2021-10-16 18:16:58.208430,state,23,14176260
2021-10-16 18:16:58.208430,state,24,111322
2021-10-16 18:16:58.208430,state,25,138783
2021-10-16 18:16:58.208430,state,26,138487
2021-10-16 18:16:58.208430,state,27,138685
2021-10-16 18:16:58.208430,state,28,138345
2021-10-16 18:16:58.208430,state,29,138987
2021-10-16 18:16:58.208430,state,30,139048
2021-10-16 18:16:58.208430,state,31,138884
2021-10-16 18:16:58.208430,state,32,138874
2021-10-16 18:16:58.208430,state,33,138545
2021-10-16 18:16:58.208430,state,34,138631
2021-10-16 18:16:58.208430,state,35,138986
2021-10-16 18:16:58.208430,state,36,138968
2021-10-16 18:16:58.208430,state,37,138880
2021-10-16 18:16:58.208430,state,38,138976
2021-10-16 18:16:58.208430,state,39,138611
2021-10-16 18:16:58.208430,state,40,138834
2021-10-16 18:16:58.208430,state,41,138722
2021-10-16 18:16:58.208430,state,42,138734
2021-10-16 18:16:58.208430,state,43,138710
2021-10-16 18:16:58.208430,state,44,138795
2021-10-16 18:16:58.208430,state,45,138574
2021-10-16 18:16:58.208430,state,46,138667
2021-10-16 18:16:58.208430,state,47,140359
2021-10-16 18:16:58.722707,nfunctor,1,12362947
2021-10-16 18:16:58.722707,nfunctor,3,16632451
2021-10-16 18:16:58.722707,nfunctor,5,16595715
2021-10-16 18:16:58.722707,nfunctor,7,16620995
2021-10-16 18:16:58.722707,nfunctor,9,16578115
2021-10-16 18:16:58.722707,nfunctor,11,16657219
2021-10-16 18:16:58.722707,nfunctor,13,16664387
2021-10-16 18:16:58.722707,nfunctor,15,16643779
2021-10-16 18:16:58.722707,nfunctor,17,16643459
2021-10-16 18:16:58.722707,nfunctor,19,16602499
2021-10-16 18:16:58.722707,nfunctor,21,16613059
2021-10-16 18:16:58.722707,nfunctor,23,16655939
2021-10-16 18:16:58.722707,nfunctor,25,16654083
2021-10-16 18:16:58.722707,nfunctor,27,16644675
2021-10-16 18:16:58.722707,nfunctor,29,16655811
2021-10-16 18:16:58.722707,nfunctor,31,16610947
2021-10-16 18:16:58.722707,nfunctor,33,16637315
2021-10-16 18:16:58.722707,nfunctor,35,16625347
2021-10-16 18:16:58.722707,nfunctor,37,16627587
2021-10-16 18:16:58.722707,nfunctor,39,16624131
2021-10-16 18:16:58.722707,nfunctor,41,16632963
2021-10-16 18:16:58.722707,nfunctor,43,16605955
2021-10-16 18:16:58.722707,nfunctor,45,16618755
2021-10-16 18:16:58.722707,nfunctor,47,16825343
2021-10-16 18:16:58.722707,state,0,12362765
2021-10-16 18:16:58.722707,state,1,16632446
2021-10-16 18:16:58.722707,state,2,16595713
2021-10-16 18:16:58.722707,state,3,16620995
2021-10-16 18:16:58.722707,state,4,16578101
2021-10-16 18:16:58.722707,state,5,16657170
2021-10-16 18:16:58.722707,state,6,16664432
2021-10-16 18:16:58.722707,state,7,16643583
2021-10-16 18:16:58.722707,state,8,16643486
2021-10-16 18:16:58.722707,state,9,16602514
2021-10-16 18:16:58.722707,state,10,16613063
2021-10-16 18:16:58.722707,state,11,16655959
2021-10-16 18:16:58.722707,state,12,16654092
2021-10-16 18:16:58.722707,state,13,16644726
2021-10-16 18:16:58.722707,state,14,16655754
2021-10-16 18:16:58.722707,state,15,16610992
2021-10-16 18:16:58.722707,state,16,16637331
2021-10-16 18:16:58.722707,state,17,16625324
2021-10-16 18:16:58.722707,state,18,16627622
2021-10-16 18:16:58.722707,state,19,16624066
2021-10-16 18:16:58.722707,state,20,16632976
2021-10-16 18:16:58.722707,state,21,16605955
2021-10-16 18:16:58.722707,state,22,16618779
2021-10-16 18:16:58.722707,state,23,16824432
2021-10-16 18:16:58.722707,state,24,122403
2021-10-16 18:16:58.722707,state,25,164678
2021-10-16 18:16:58.722707,state,26,164314
2021-10-16 18:16:58.722707,state,27,164564
2021-10-16 18:16:58.722707,state,28,164140
2021-10-16 18:16:58.722707,state,29,164923
2021-10-16 18:16:58.722707,state,30,164994
2021-10-16 18:16:58.722707,state,31,164788
2021-10-16 18:16:58.722707,state,32,164787
2021-10-16 18:16:58.722707,state,33,164381
2021-10-16 18:16:58.722707,state,34,164486
2021-10-16 18:16:58.722707,state,35,164910
2021-10-16 18:16:58.722707,state,36,164892
2021-10-16 18:16:58.722707,state,37,164799
2021-10-16 18:16:58.722707,state,38,164909
2021-10-16 18:16:58.722707,state,39,164465
2021-10-16 18:16:58.722707,state,40,164726
2021-10-16 18:16:58.722707,state,41,164607
2021-10-16 18:16:58.722707,state,42,164630
2021-10-16 18:16:58.722707,state,43,164595
2021-10-16 18:16:58.722707,state,44,164683
2021-10-16 18:16:58.722707,state,45,164415
2021-10-16 18:16:58.722707,state,46,164542
2021-10-16 18:16:58.722707,state,47,166579
2021-10-16 18:16:59.223901,nfunctor,1,13943235
2021-10-16 18:16:59.223901,nfunctor,3,19180355
2021-10-16 18:16:59.223901,nfunctor,5,19137667
2021-10-16 18:16:59.223901,nfunctor,7,19166787
2021-10-16 18:16:59.223901,nfunctor,9,19117187
2021-10-16 18:16:59.223901,nfunctor,11,19208515
2021-10-16 18:16:59.223901,nfunctor,13,19219971
2021-10-16 18:16:59.223901,nfunctor,15,19194435
2021-10-16 18:16:59.223901,nfunctor,17,19193923
2021-10-16 18:16:59.223901,nfunctor,19,19146819
2021-10-16 18:16:59.223901,nfunctor,21,19158403
2021-10-16 18:16:59.223901,nfunctor,23,19207619
2021-10-16 18:16:59.223901,nfunctor,25,19207683
2021-10-16 18:16:59.223901,nfunctor,27,19195523
2021-10-16 18:16:59.223901,nfunctor,29,19207491
2021-10-16 18:16:59.223901,nfunctor,31,19155587
2021-10-16 18:16:59.223901,nfunctor,33,19186563
2021-10-16 18:16:59.223901,nfunctor,35,19172995
2021-10-16 18:16:59.223901,nfunctor,37,19176195
2021-10-16 18:16:59.223901,nfunctor,39,19173827
2021-10-16 18:16:59.223901,nfunctor,41,19182275
2021-10-16 18:16:59.223901,nfunctor,43,19150275
2021-10-16 18:16:59.223901,nfunctor,45,19164867
2021-10-16 18:16:59.223901,nfunctor,47,19403780
2021-10-16 18:16:59.223901,state,0,13942826
2021-10-16 18:16:59.223901,state,1,19180218
2021-10-16 18:16:59.223901,state,2,19137687
2021-10-16 18:16:59.223901,state,3,19166787
2021-10-16 18:16:59.223901,state,4,19117134
2021-10-16 18:16:59.223901,state,5,19208532
2021-10-16 18:16:59.223901,state,6,19219930
2021-10-16 18:16:59.223901,state,7,19194459
2021-10-16 18:16:59.223901,state,8,19193898
2021-10-16 18:16:59.223901,state,9,19146730
2021-10-16 18:16:59.223901,state,10,19158359
2021-10-16 18:16:59.223901,state,11,19207615
2021-10-16 18:16:59.223901,state,12,19207636
2021-10-16 18:16:59.223901,state,13,19195564
2021-10-16 18:16:59.223901,state,14,19207426
2021-10-16 18:16:59.223901,state,15,19155521
2021-10-16 18:16:59.223901,state,16,19186615
2021-10-16 18:16:59.223901,state,17,19172928
2021-10-16 18:16:59.223901,state,18,19176253
2021-10-16 18:16:59.223901,state,19,19173774
2021-10-16 18:16:59.223901,state,20,19182282
2021-10-16 18:16:59.223901,state,21,19150282
2021-10-16 18:16:59.223901,state,22,19164910
2021-10-16 18:16:59.223901,state,23,19403780
2021-10-16 18:16:59.223901,state,24,138048
2021-10-16 18:16:59.223901,state,25,189903
2021-10-16 18:16:59.223901,state,26,189482
2021-10-16 18:16:59.223901,state,27,189770
2021-10-16 18:16:59.223901,state,28,189279
2021-10-16 18:16:59.223901,state,29,190184
2021-10-16 18:16:59.223901,state,30,190296
2021-10-16 18:16:59.223901,state,31,190044
2021-10-16 18:16:59.223901,state,32,190038
2021-10-16 18:16:59.223901,state,33,189572
2021-10-16 18:16:59.223901,state,34,189687
2021-10-16 18:16:59.223901,state,35,190174
2021-10-16 18:16:59.223901,state,36,190175
2021-10-16 18:16:59.223901,state,37,190055
2021-10-16 18:16:59.223901,state,38,190173
2021-10-16 18:16:59.223901,state,39,189659
2021-10-16 18:16:59.223901,state,40,189966
2021-10-16 18:16:59.223901,state,41,189831
2021-10-16 18:16:59.223901,state,42,189864
2021-10-16 18:16:59.223901,state,43,189839
2021-10-16 18:16:59.223901,state,44,189924
2021-10-16 18:16:59.223901,state,45,189607
2021-10-16 18:16:59.223901,state,46,189752
2021-10-16 18:16:59.223901,state,47,192116
2021-10-16 18:16:59.725097,nfunctor,1,16488899
2021-10-16 18:16:59.725097,nfunctor,3,21742915
2021-10-16 18:16:59.725097,nfunctor,5,21693827
2021-10-16 18:16:59.725097,nfunctor,7,21726979
2021-10-16 18:16:59.725097,nfunctor,9,21670467
2021-10-16 18:16:59.725097,nfunctor,11,21774659
2021-10-16 18:16:59.725097,nfunctor,13,21787971
2021-10-16 18:16:59.725097,nfunctor,15,21760195
2021-10-16 18:16:59.725097,nfunctor,17,21757955
2021-10-16 18:16:59.725097,nfunctor,19,21704515
2021-10-16 18:16:59.725097,nfunctor,21,21718019
2021-10-16 18:16:59.725097,nfunctor,23,21774147
2021-10-16 18:16:59.725097,nfunctor,25,21774147
2021-10-16 18:16:59.725097,nfunctor,27,21760195
2021-10-16 18:16:59.725097,nfunctor,29,21775299
2021-10-16 18:16:59.725097,nfunctor,31,21714819
2021-10-16 18:16:59.725097,nfunctor,33,21750019
2021-10-16 18:16:59.725097,nfunctor,35,21735683
2021-10-16 18:16:59.725097,nfunctor,37,21738179
2021-10-16 18:16:59.725097,nfunctor,39,21737283
2021-10-16 18:16:59.725097,nfunctor,41,21745347
2021-10-16 18:16:59.725097,nfunctor,43,21709251
2021-10-16 18:16:59.725097,nfunctor,45,21725251
2021-10-16 18:16:59.725097,nfunctor,47,21985284
2021-10-16 18:16:59.725097,state,0,16488899
2021-10-16 18:16:59.725097,state,1,21742799
2021-10-16 18:16:59.725097,state,2,21693827
2021-10-16 18:16:59.725097,state,3,21726970
2021-10-16 18:16:59.725097,state,4,21670391
2021-10-16 18:16:59.725097,state,5,21774666
2021-10-16 18:16:59.725097,state,6,21787971
2021-10-16 18:16:59.725097,state,7,21759978
2021-10-16 18:16:59.725097,state,8,21757981
2021-10-16 18:16:59.725097,state,9,21704515
2021-10-16 18:16:59.725097,state,10,21718019
2021-10-16 18:16:59.725097,state,11,21774184
2021-10-16 18:16:59.725097,state,12,21774146
2021-10-16 18:16:59.725097,state,13,21760195
2021-10-16 18:16:59.725097,state,14,21775316
2021-10-16 18:16:59.725097,state,15,21714819
2021-10-16 18:16:59.725097,state,16,21750019
2021-10-16 18:16:59.725097,state,17,21735683
2021-10-16 18:16:59.725097,state,18,21738173
2021-10-16 18:16:59.725097,state,19,21737333
2021-10-16 18:16:59.725097,state,20,21745347
2021-10-16 18:16:59.725097,state,21,21709181
2021-10-16 18:16:59.725097,state,22,21725273
2021-10-16 18:16:59.725097,state,23,21985284
2021-10-16 18:16:59.725097,state,24,163256
2021-10-16 18:16:59.725097,state,25,215275
2021-10-16 18:16:59.725097,state,26,214790
2021-10-16 18:16:59.725097,state,27,215118
2021-10-16 18:16:59.725097,state,28,214558
2021-10-16 18:16:59.725097,state,29,215591
2021-10-16 18:16:59.725097,state,30,215722
2021-10-16 18:16:59.725097,state,31,215445
2021-10-16 18:16:59.725097,state,32,215426
2021-10-16 18:16:59.725097,state,33,214896
2021-10-16 18:16:59.725097,state,34,215029
2021-10-16 18:16:59.725097,state,35,215586
2021-10-16 18:16:59.725097,state,36,215585
2021-10-16 18:16:59.725097,state,37,215447
2021-10-16 18:16:59.725097,state,38,215597
2021-10-16 18:16:59.725097,state,39,214998
2021-10-16 18:16:59.725097,state,40,215346
2021-10-16 18:16:59.725097,state,41,215204
2021-10-16 18:16:59.725097,state,42,215229
2021-10-16 18:16:59.725097,state,43,215221
2021-10-16 18:16:59.725097,state,44,215300
2021-10-16 18:16:59.725097,state,45,214942
2021-10-16 18:16:59.725097,state,46,215102
2021-10-16 18:16:59.725097,state,47,217676
2021-10-16 18:17:00.226292,nfunctor,1,18867459
2021-10-16 18:17:00.226292,nfunctor,3,24303619
2021-10-16 18:17:00.226292,nfunctor,5,24247555
2021-10-16 18:17:00.226292,nfunctor,7,24285699
2021-10-16 18:17:00.226292,nfunctor,9,24222595
2021-10-16 18:17:00.226292,nfunctor,11,24338243
2021-10-16 18:17:00.226292,nfunctor,13,24355203
2021-10-16 18:17:00.226292,nfunctor,15,24323651
2021-10-16 18:17:00.226292,nfunctor,17,24320963
2021-10-16 18:17:00.226292,nfunctor,19,24259907
2021-10-16 18:17:00.226292,nfunctor,21,24275331
2021-10-16 18:17:00.226292,nfunctor,23,24337347
2021-10-16 18:17:00.226292,nfunctor,25,24338755
2021-10-16 18:17:00.226292,nfunctor,27,24322883
2021-10-16 18:17:00.226292,nfunctor,29,24339779
2021-10-16 18:17:00.226292,nfunctor,31,24272515
2021-10-16 18:17:00.226292,nfunctor,33,24310979
2021-10-16 18:17:00.226292,nfunctor,35,24296515
2021-10-16 18:17:00.226292,nfunctor,37,24297475
2021-10-16 18:17:00.226292,nfunctor,39,24298435
2021-10-16 18:17:00.226292,nfunctor,41,24308035
2021-10-16 18:17:00.226292,nfunctor,43,24266115
2021-10-16 18:17:00.226292,nfunctor,45,24284035
2021-10-16 18:17:00.226292,nfunctor,47,24570884
2021-10-16 18:17:00.226292,state,0,18867163
2021-10-16 18:17:00.226292,state,1,24303539
2021-10-16 18:17:00.226292,state,2,24247584
2021-10-16 18:17:00.226292,state,3,24285739
2021-10-16 18:17:00.226292,state,4,24222527
2021-10-16 18:17:00.226292,state,5,24338177
2021-10-16 18:17:00.226292,state,6,24355158
2021-10-16 18:17:00.226292,state,7,24323594
2021-10-16 18:17:00.226292,state,8,24320802
2021-10-16 18:17:00.226292,state,9,24259950
2021-10-16 18:17:00.226292,state,10,24275345
2021-10-16 18:17:00.226292,state,11,24337392
2021-10-16 18:17:00.226292,state,12,24338684
2021-10-16 18:17:00.226292,state,13,24322860
2021-10-16 18:17:00.226292,state,14,24339796
2021-10-16 18:17:00.226292,state,15,24272518
2021-10-16 18:17:00.226292,state,16,24310960
2021-10-16 18:17:00.226292,state,17,24296476
2021-10-16 18:17:00.226292,state,18,24297409
2021-10-16 18:17:00.226292,state,19,24298399
2021-10-16 18:17:00.226292,state,20,24308057
2021-10-16 18:17:00.226292,state,21,24266160
2021-10-16 18:17:00.226292,state,22,24283965
2021-10-16 18:17:00.226292,state,23,24569978
2021-10-16 18:17:00.226292,state,24,186804
2021-10-16 18:17:00.226292,state,25,240629
2021-10-16 18:17:00.226292,state,26,240075
2021-10-16 18:17:00.226292,state,27,240453
2021-10-16 18:17:00.226292,state,28,239827
2021-10-16 18:17:00.226292,state,29,240972
2021-10-16 18:17:00.226292,state,30,241140
2021-10-16 18:17:00.226292,state,31,240828
2021-10-16 18:17:00.226292,state,32,240800
2021-10-16 18:17:00.226292,state,33,240198
2021-10-16 18:17:00.226292,state,34,240350
2021-10-16 18:17:00.226292,state,35,240964
2021-10-16 18:17:00.226292,state,36,240977
2021-10-16 18:17:00.226292,state,37,240820
2021-10-16 18:17:00.226292,state,38,240988
2021-10-16 18:17:00.226292,state,39,240322
2021-10-16 18:17:00.226292,state,40,240702
2021-10-16 18:17:00.226292,state,41,240559
2021-10-16 18:17:00.226292,state,42,240568
2021-10-16 18:17:00.226292,state,43,240578
2021-10-16 18:17:00.226292,state,44,240674
2021-10-16 18:17:00.226292,state,45,240259
2021-10-16 18:17:00.226292,state,46,240435
2021-10-16 18:17:00.226292,state,47,243267
2021-10-16 18:17:00.727489,nfunctor,1,21412291
2021-10-16 18:17:00.727489,nfunctor,3,26861635
2021-10-16 18:17:00.727489,nfunctor,5,26799299
2021-10-16 18:17:00.727489,nfunctor,7,26841987
2021-10-16 18:17:00.727489,nfunctor,9,26771395
2021-10-16 18:17:00.727489,nfunctor,11,26899587
2021-10-16 18:17:00.727489,nfunctor,13,26919171
2021-10-16 18:17:00.727489,nfunctor,15,26884035
2021-10-16 18:17:00.727489,nfunctor,17,26881027
2021-10-16 18:17:00.727489,nfunctor,19,26812355
2021-10-16 18:17:00.727489,nfunctor,21,26829571
2021-10-16 18:17:00.727489,nfunctor,23,26898499
2021-10-16 18:17:00.727489,nfunctor,25,26901123
2021-10-16 18:17:00.727489,nfunctor,27,26884035
2021-10-16 18:17:00.727489,nfunctor,29,26901827
2021-10-16 18:17:00.727489,nfunctor,31,26826691
2021-10-16 18:17:00.727489,nfunctor,33,26868995
2021-10-16 18:17:00.727489,nfunctor,35,26853507
2021-10-16 18:17:00.727489,nfunctor,37,26854723
2021-10-16 18:17:00.727489,nfunctor,39,26856067
2021-10-16 18:17:00.727489,nfunctor,41,26867651
2021-10-16 18:17:00.727489,nfunctor,43,26820163
2021-10-16 18:17:00.727489,nfunctor,45,26840451
2021-10-16 18:17:00.727489,nfunctor,47,27152388
2021-10-16 18:17:00.727489,state,0,21412035
2021-10-16 18:17:00.727489,state,1,26861635
2021-10-16 18:17:00.727489,state,2,26799299
2021-10-16 18:17:00.727489,state,3,26841987
2021-10-16 18:17:00.727489,state,4,26771395
2021-10-16 18:17:00.727489,state,5,26899587
2021-10-16 18:17:00.727489,state,6,26919171
2021-10-16 18:17:00.727489,state,7,26884022
2021-10-16 18:17:00.727489,state,8,26881027
2021-10-16 18:17:00.727489,state,9,26812355
2021-10-16 18:17:00.727489,state,10,26829571
2021-10-16 18:17:00.727489,state,11,26898499
2021-10-16 18:17:00.727489,state,12,26901123
2021-10-16 18:17:00.727489,state,13,26884035
2021-10-16 18:17:00.727489,state,14,26901827
2021-10-16 18:17:00.727489,state,15,26826691
2021-10-16 18:17:00.727489,state,16,26868995
2021-10-16 18:17:00.727489,state,17,26853507
2021-10-16 18:17:00.727489,state,18,26854723
2021-10-16 18:17:00.727489,state,19,26856067
2021-10-16 18:17:00.727489,state,20,26867651
2021-10-16 18:17:00.727489,state,21,26820163
2021-10-16 18:17:00.727489,state,22,26840451
2021-10-16 18:17:00.727489,state,23,27151553
2021-10-16 18:17:00.727489,state,24,212000
2021-10-16 18:17:00.727489,state,25,265956
2021-10-16 18:17:00.727489,state,26,265339
2021-10-16 18:17:00.727489,state,27,265762
2021-10-16 18:17:00.727489,state,28,265063
2021-10-16 18:17:00.727489,state,29,266332
2021-10-16 18:17:00.727489,state,30,266526
2021-10-16 18:17:00.727489,state,31,266178
2021-10-16 18:17:00.727489,state,32,266148
2021-10-16 18:17:00.727489,state,33,265468
2021-10-16 18:17:00.727489,state,34,265639
2021-10-16 18:17:00.727489,state,35,266321
2021-10-16 18:17:00.727489,state,36,266347
2021-10-16 18:17:00.727489,state,37,266178
2021-10-16 18:17:00.727489,state,38,266354
2021-10-16 18:17:00.727489,state,39,265610
2021-10-16 18:17:00.727489,state,40,266029
2021-10-16 18:17:00.727489,state,41,265876
2021-10-16 18:17:00.727489,state,42,265888
2021-10-16 18:17:00.727489,state,43,265901
2021-10-16 18:17:00.727489,state,44,266016
2021-10-16 18:17:00.727489,state,45,265546
2021-10-16 18:17:00.727489,state,46,265747
2021-10-16 18:17:00.727489,state,47,268827
2021-10-16 18:17:01.229868,nfunctor,1,23968963
2021-10-16 18:17:01.229868,nfunctor,3,29433283
2021-10-16 18:17:01.229868,nfunctor,5,29364803
2021-10-16 18:17:01.229868,nfunctor,7,29411395
2021-10-16 18:17:01.229868,nfunctor,9,29334083
2021-10-16 18:17:01.229868,nfunctor,11,29473155
2021-10-16 18:17:01.229868,nfunctor,13,29496643
2021-10-16 18:17:01.229868,nfunctor,15,29458563
2021-10-16 18:17:01.229868,nfunctor,17,29454019
2021-10-16 18:17:01.229868,nfunctor,19,29379843
2021-10-16 18:17:01.229868,nfunctor,21,29397507
2021-10-16 18:17:01.229868,nfunctor,23,29472579
2021-10-16 18:17:01.229868,nfunctor,25,29476099
2021-10-16 18:17:01.229868,nfunctor,27,29457219
2021-10-16 18:17:01.229868,nfunctor,29,29477187
2021-10-16 18:17:01.229868,nfunctor,31,29394243
2021-10-16 18:17:01.229868,nfunctor,33,29440579
2021-10-16 18:17:01.229868,nfunctor,35,29424003
2021-10-16 18:17:01.229868,nfunctor,37,29425283
2021-10-16 18:17:01.229868,nfunctor,39,29426883
2021-10-16 18:17:01.229868,nfunctor,41,29439619
2021-10-16 18:17:01.229868,nfunctor,43,29387395
2021-10-16 18:17:01.229868,nfunctor,45,29409539
2021-10-16 18:17:01.229868,nfunctor,47,29740036
2021-10-16 18:17:01.229868,state,0,23968885
2021-10-16 18:17:01.229868,state,1,29433246
2021-10-16 18:17:01.229868,state,2,29364769
2021-10-16 18:17:01.229868,state,3,29411322
2021-10-16 18:17:01.229868,state,4,29334113
2021-10-16 18:17:01.229868,state,5,29473155
2021-10-16 18:17:01.229868,state,6,29496524
2021-10-16 18:17:01.229868,state,7,29458454
2021-10-16 18:17:01.229868,state,8,29454019
2021-10-16 18:17:01.229868,state,9,29379781
2021-10-16 18:17:01.229868,state,10,29397450
2021-10-16 18:17:01.229868,state,11,29472607
2021-10-16 18:17:01.229868,state,12,29476118
2021-10-16 18:17:01.229868,state,13,29457219
2021-10-16 18:17:01.229868,state,14,29477168
2021-10-16 18:17:01.229868,state,15,29394265
2021-10-16 18:17:01.229868,state,16,29440591
2021-10-16 18:17:01.229868,state,17,29424003
2021-10-16 18:17:01.229868,state,18,29425224
2021-10-16 18:17:01.229868,state,19,29426806
2021-10-16 18:17:01.229868,state,20,29439525
2021-10-16 18:17:01.229868,state,21,29387304
2021-10-16 18:17:01.229868,state,22,29409549
2021-10-16 18:17:01.229868,state,23,29740036
2021-10-16 18:17:01.229868,state,24,237316
2021-10-16 18:17:01.229868,state,25,291418
2021-10-16 18:17:01.229868,state,26,290740
2021-10-16 18:17:01.229868,state,27,291201
2021-10-16 18:17:01.229868,state,28,290437
2021-10-16 18:17:01.229868,state,29,291813
2021-10-16 18:17:01.229868,state,30,292045
2021-10-16 18:17:01.229868,state,31,291668
2021-10-16 18:17:01.229868,state,32,291624
2021-10-16 18:17:01.229868,state,33,290889
2021-10-16 18:17:01.229868,state,34,291064
2021-10-16 18:17:01.229868,state,35,291808
2021-10-16 18:17:01.229868,state,36,291843
2021-10-16 18:17:01.229868,state,37,291655
2021-10-16 18:17:01.229868,state,38,291853
2021-10-16 18:17:01.229868,state,39,291032
2021-10-16 18:17:01.229868,state,40,291491
2021-10-16 18:17:01.229868,state,41,291326
2021-10-16 18:17:01.229868,state,42,291339
2021-10-16 18:17:01.229868,state,43,291354
2021-10-16 18:17:01.229868,state,44,291480
2021-10-16 18:17:01.229868,state,45,290963
2021-10-16 18:17:01.229868,state,46,291184
2021-10-16 18:17:01.229868,state,47,294456
2021-10-16 18:17:01.731063,nfunctor,1,26501891
2021-10-16 18:17:01.731063,nfunctor,3,31994947
2021-10-16 18:17:01.731063,nfunctor,5,31918851
2021-10-16 18:17:01.731063,nfunctor,7,31969923
2021-10-16 18:17:01.731063,nfunctor,9,31884739
2021-10-16 18:17:01.731063,nfunctor,11,32036547
2021-10-16 18:17:01.731063,nfunctor,13,32063619
2021-10-16 18:17:01.731063,nfunctor,15,32021827
2021-10-16 18:17:01.731063,nfunctor,17,32016707
2021-10-16 18:17:01.731063,nfunctor,19,31934531
2021-10-16 18:17:01.731063,nfunctor,21,31954947
2021-10-16 18:17:01.731063,nfunctor,23,32036547
2021-10-16 18:17:01.731063,nfunctor,25,32041411
2021-10-16 18:17:01.731063,nfunctor,27,32021123
2021-10-16 18:17:01.731063,nfunctor,29,32043075
2021-10-16 18:17:01.731063,nfunctor,31,31951235
2021-10-16 18:17:01.731063,nfunctor,33,32002115
2021-10-16 18:17:01.731063,nfunctor,35,31984067
2021-10-16 18:17:01.731063,nfunctor,37,31987459
2021-10-16 18:17:01.731063,nfunctor,39,31988739
2021-10-16 18:17:01.731063,nfunctor,41,32000707
2021-10-16 18:17:01.731063,nfunctor,43,31944707
2021-10-16 18:17:01.731063,nfunctor,45,31967811
2021-10-16 18:17:01.731063,nfunctor,47,32323588
2021-10-16 18:17:01.731063,state,0,26501915
2021-10-16 18:17:01.731063,state,1,31994929
2021-10-16 18:17:01.731063,state,2,31918831
2021-10-16 18:17:01.731063,state,3,31969861
2021-10-16 18:17:01.731063,state,4,31884664
2021-10-16 18:17:01.731063,state,5,32036561
2021-10-16 18:17:01.731063,state,6,32063612
2021-10-16 18:17:01.731063,state,7,32021861
2021-10-16 18:17:01.731063,state,8,32016631
2021-10-16 18:17:01.731063,state,9,31934557
2021-10-16 18:17:01.731063,state,10,31954886
2021-10-16 18:17:01.731063,state,11,32036565
2021-10-16 18:17:01.731063,state,12,32041227
2021-10-16 18:17:01.731063,state,13,32021089
2021-10-16 18:17:01.731063,state,14,32043097
2021-10-16 18:17:01.731063,state,15,31951275
2021-10-16 18:17:01.731063,state,16,32002124
2021-10-16 18:17:01.731063,state,17,31984076
2021-10-16 18:17:01.731063,state,18,31987445
2021-10-16 18:17:01.731063,state,19,31988650
2021-10-16 18:17:01.731063,state,20,32000703
2021-10-16 18:17:01.731063,state,21,31944676
2021-10-16 18:17:01.731063,state,22,31967804
2021-10-16 18:17:01.731063,state,23,32322987
2021-10-16 18:17:01.731063,state,24,262395
2021-10-16 18:17:01.731063,state,25,316781
2021-10-16 18:17:01.731063,state,26,316028
2021-10-16 18:17:01.731063,state,27,316533
2021-10-16 18:17:01.731063,state,28,315690
2021-10-16 18:17:01.731063,state,29,317194
2021-10-16 18:17:01.731063,state,30,317461
2021-10-16 18:17:01.731063,state,31,317048
2021-10-16 18:17:01.731063,state,32,316996
2021-10-16 18:17:01.731063,state,33,316184
2021-10-16 18:17:01.731063,state,34,316385
2021-10-16 18:17:01.731063,state,35,317194
2021-10-16 18:17:01.731063,state,36,317240
2021-10-16 18:17:01.731063,state,37,317040
2021-10-16 18:17:01.731063,state,38,317258
2021-10-16 18:17:01.731063,state,39,316349
2021-10-16 18:17:01.731063,state,40,316853
2021-10-16 18:17:01.731063,state,41,316674
2021-10-16 18:17:01.731063,state,42,316707
2021-10-16 18:17:01.731063,state,43,316719
2021-10-16 18:17:01.731063,state,44,316839
2021-10-16 18:17:01.731063,state,45,316284
2021-10-16 18:17:01.731063,state,46,316513
2021-10-16 18:17:01.731063,state,47,320030
2021-10-16 18:17:02.232258,nfunctor,1,29048707
2021-10-16 18:17:02.232258,nfunctor,3,34556035
2021-10-16 18:17:02.232258,nfunctor,5,34472835
2021-10-16 18:17:02.232258,nfunctor,7,34527939
2021-10-16 18:17:02.232258,nfunctor,9,34436291
2021-10-16 18:17:02.232258,nfunctor,11,34599363
2021-10-16 18:17:02.232258,nfunctor,13,34630083
2021-10-16 18:17:02.232258,nfunctor,15,34583747
2021-10-16 18:17:02.232258,nfunctor,17,34579011
2021-10-16 18:17:02.232258,nfunctor,19,34490499
2021-10-16 18:17:02.232258,nfunctor,21,34512451
2021-10-16 18:17:02.232258,nfunctor,23,34599811
2021-10-16 18:17:02.232258,nfunctor,25,34607299
2021-10-16 18:17:02.232258,nfunctor,27,34583299
2021-10-16 18:17:02.232258,nfunctor,29,34608323
2021-10-16 18:17:02.232258,nfunctor,31,34508419
2021-10-16 18:17:02.232258,nfunctor,33,34563459
2021-10-16 18:17:02.232258,nfunctor,35,34544451
2021-10-16 18:17:02.232258,nfunctor,37,34547395
2021-10-16 18:17:02.232258,nfunctor,39,34549443
2021-10-16 18:17:02.232258,nfunctor,41,34561859
2021-10-16 18:17:02.232258,nfunctor,43,34501763
2021-10-16 18:17:02.232258,nfunctor,45,34526531
2021-10-16 18:17:02.232258,nfunctor,47,34904068
2021-10-16 18:17:02.232258,state,0,29048248
2021-10-16 18:17:02.232258,state,1,34555850
2021-10-16 18:17:02.232258,state,2,34472692
2021-10-16 18:17:02.232258,state,3,34527963
2021-10-16 18:17:02.232258,state,4,34436298
2021-10-16 18:17:02.232258,state,5,34599394
2021-10-16 18:17:02.232258,state,6,34630024
2021-10-16 18:17:02.232258,state,7,34583753
2021-10-16 18:17:02.232258,state,8,34578957
2021-10-16 18:17:02.232258,state,9,34490473
2021-10-16 18:17:02.232258,state,10,34512469
2021-10-16 18:17:02.232258,state,11,34599836
2021-10-16 18:17:02.232258,state,12,34607268
2021-10-16 18:17:02.232258,state,13,34583288
2021-10-16 18:17:02.232258,state,14,34608311
2021-10-16 18:17:02.232258,state,15,34508313
2021-10-16 18:17:02.232258,state,16,34563408
2021-10-16 18:17:02.232258,state,17,34544381
2021-10-16 18:17:02.232258,state,18,34547344
2021-10-16 18:17:02.232258,state,19,34549463
2021-10-16 18:17:02.232258,state,20,34561859
2021-10-16 18:17:02.232258,state,21,34501724
2021-10-16 18:17:02.232258,state,22,34526531
2021-10-16 18:17:02.232258,state,23,34904068
2021-10-16 18:17:02.232258,state,24,287606
2021-10-16 18:17:02.232258,state,25,342137
2021-10-16 18:17:02.232258,state,26,341314
2021-10-16 18:17:02.232258,state,27,341861
2021-10-16 18:17:02.232258,state,28,340953
2021-10-16 18:17:02.232258,state,29,342568
2021-10-16 18:17:02.232258,state,30,342871
2021-10-16 18:17:02.232258,state,31,342413
2021-10-16 18:17:02.232258,state,32,342366
2021-10-16 18:17:02.232258,state,33,341490
2021-10-16 18:17:02.232258,state,34,341708
2021-10-16 18:17:02.232258,state,35,342573
2021-10-16 18:17:02.232258,state,36,342646
2021-10-16 18:17:02.232258,state,37,342409
2021-10-16 18:17:02.232258,state,38,342656
2021-10-16 18:17:02.232258,state,39,341666
2021-10-16 18:17:02.232258,state,40,342212
2021-10-16 18:17:02.232258,state,41,342024
2021-10-16 18:17:02.232258,state,42,342053
2021-10-16 18:17:02.232258,state,43,342074
2021-10-16 18:17:02.232258,state,44,342196
2021-10-16 18:17:02.232258,state,45,341601
2021-10-16 18:17:02.232258,state,46,341847
2021-10-16 18:17:02.232258,state,47,345584
2021-10-16 18:17:02.733454,nfunctor,1,31594627
2021-10-16 18:17:02.733454,nfunctor,3,37116227
2021-10-16 18:17:02.733454,nfunctor,5,37026243
2021-10-16 18:17:02.733454,nfunctor,7,37085315
2021-10-16 18:17:02.733454,nfunctor,9,36987651
2021-10-16 18:17:02.733454,nfunctor,11,37163203
2021-10-16 18:17:02.733454,nfunctor,13,37195779
2021-10-16 18:17:02.733454,nfunctor,15,37146819
2021-10-16 18:17:02.733454,nfunctor,17,37142467
2021-10-16 18:17:02.733454,nfunctor,19,37045251
2021-10-16 18:17:02.733454,nfunctor,21,37069059
2021-10-16 18:17:02.733454,nfunctor,23,37163331
2021-10-16 18:17:02.733454,nfunctor,25,37172163
2021-10-16 18:17:02.733454,nfunctor,27,37146627
2021-10-16 18:17:02.733454,nfunctor,29,37173251
2021-10-16 18:17:02.733454,nfunctor,31,37064835
2021-10-16 18:17:02.733454,nfunctor,33,37124739
2021-10-16 18:17:02.733454,nfunctor,35,37104515
2021-10-16 18:17:02.733454,nfunctor,37,37107587
2021-10-16 18:17:02.733454,nfunctor,39,37111811
2021-10-16 18:17:02.733454,nfunctor,41,37123843
2021-10-16 18:17:02.733454,nfunctor,43,37057411
2021-10-16 18:17:02.733454,nfunctor,45,37084227
2021-10-16 18:17:02.733454,nfunctor,47,37485572
2021-10-16 18:17:02.733454,state,0,31594627
2021-10-16 18:17:02.733454,state,1,37116227
2021-10-16 18:17:02.733454,state,2,37026243
2021-10-16 18:17:02.733454,state,3,37085315
2021-10-16 18:17:02.733454,state,4,36987519
2021-10-16 18:17:02.733454,state,5,37163189
2021-10-16 18:17:02.733454,state,6,37195766
2021-10-16 18:17:02.733454,state,7,37146819
2021-10-16 18:17:02.733454,state,8,37142407
2021-10-16 18:17:02.733454,state,9,37045277
2021-10-16 18:17:02.733454,state,10,37069078
2021-10-16 18:17:02.733454,state,11,37163361
2021-10-16 18:17:02.733454,state,12,37172168
2021-10-16 18:17:02.733454,state,13,37146594
2021-10-16 18:17:02.733454,state,14,37173259
2021-10-16 18:17:02.733454,state,15,37064843
2021-10-16 18:17:02.733454,state,16,37124730
2021-10-16 18:17:02.733454,state,17,37104519
2021-10-16 18:17:02.733454,state,18,37107587
2021-10-16 18:17:02.733454,state,19,37111797
2021-10-16 18:17:02.733454,state,20,37123862
2021-10-16 18:17:02.733454,state,21,37057407
2021-10-16 18:17:02.733454,state,22,37084226
2021-10-16 18:17:02.733454,state,23,37485219
2021-10-16 18:17:02.733454,state,24,312818
2021-10-16 18:17:02.733454,state,25,367487
2021-10-16 18:17:02.733454,state,26,366596
2021-10-16 18:17:02.733454,state,27,367181
2021-10-16 18:17:02.733454,state,28,366213
2021-10-16 18:17:02.733454,state,29,367952
2021-10-16 18:17:02.733454,state,30,368275
2021-10-16 18:17:02.733454,state,31,367790
2021-10-16 18:17:02.733454,state,32,367747
2021-10-16 18:17:02.733454,state,33,366785
2021-10-16 18:17:02.733454,state,34,367021
2021-10-16 18:17:02.733454,state,35,367954
2021-10-16 18:17:02.733454,state,36,368041
2021-10-16 18:17:02.733454,state,37,367788
2021-10-16 18:17:02.733454,state,38,368052
2021-10-16 18:17:02.733454,state,39,366979
2021-10-16 18:17:02.733454,state,40,367571
2021-10-16 18:17:02.733454,state,41,367371
2021-10-16 18:17:02.733454,state,42,367402
2021-10-16 18:17:02.733454,state,43,367443
2021-10-16 18:17:02.733454,state,44,367563
2021-10-16 18:17:02.733454,state,45,366905
2021-10-16 18:17:02.733454,state,46,367170
2021-10-16 18:17:02.733454,state,47,371141
